RadarSysTime_labeled,Radar_Time_labeled,RANGE_labeled,AZIMUTH_labeled,ELEVATION_labeled,X_labeled,Y_labeled,Z_labeled,VELX_labeled,VELY_labeled,VELZ_labeled,ACCX_labeled,ACCY_labeled,ACCZ_labeled,P_UAV_labeled,P_UNK_labeled,ID_labeled,RCSEst_labeled,RCSEst_DBSM_labeled
2022.06.30 11:15:36:671,97.671,330.166249168529,153.877094432617,27.1907213280102,-263.680800074714,129.306629307284,150.870750575326,2.014111,-7.795597,4.729773,0,0,0,0,0,811,0.1,-10
2022.06.30 11:15:37:235,98.235,335.237514562109,153.741574701354,26.8842877488878,-268.150495136087,132.286214432985,151.5910967011,2.010927,-7.788218,4.729898,0,0,0,254,254,811,0.1,-10
2022.06.30 11:15:37:784,98.784,339.888283133622,153.605970114655,26.5818991140939,-272.275176344352,135.123211571346,152.092047960497,2.010103,-7.783875,4.726254,0,0,0,254,254,811,0.1,-10
2022.06.30 11:15:38:334,99.334,344.855710769689,153.446138423896,26.2730538848587,-276.610982613943,138.237971840881,152.650216800161,2.009141,-7.778708,4.724214,0.000169,-0.000359,-0.000557,254,254,811,0.1,-10
2022.06.30 11:15:38:914,99.914,349.180448401579,152.741132781411,25.1336248535258,-281.013638851671,144.786565320024,148.307689713314,0.125377,-9.081141,4.93511,0,0,0,254,254,811,0.158489319246111,-8
2022.06.30 11:15:39:460,100.46,354.052271156923,152.479626063014,24.7115194806103,-285.236140078187,148.613473711117,148.011454070918,0.135698,-9.06865,4.928933,0,0,0,254,254,811,0.158489319246111,-8
2022.06.30 11:15:40:009,101.009,358.901826512252,152.254875478301,24.3502790302679,-289.381405035158,152.219483186196,147.980243384838,0.135294,-9.064953,4.926703,0,0,0,254,254,811,0.158489319246111,-8
2022.06.30 11:15:40:588,101.588,365.982405363133,152.672064213299,24.1639342836329,-296.647279691655,153.294292222712,149.814460112713,1.705478,-9.056131,4.173333,0,0,0,254,254,811,0.316227766016838,-5
2022.06.30 11:15:41:136,102.136,371.074875268052,152.605584000437,23.8170931677109,-301.405336084363,156.196421319557,149.846803109162,1.697974,-9.057041,4.180542,-0.00023,-0.029972,0.022383,254,254,811,0.316227766016838,-5
2022.06.30 11:15:41:684,102.684,376.638211318884,152.488248681173,23.4854517255016,-306.374517537932,159.568352906095,150.096428937279,1.69261,-9.054688,4.183755,-4e-06,6e-06,1e-05,254,254,811,0.316227766016838,-5
2022.06.30 11:15:42:231,103.231,380.848524962784,152.44215629718,23.1873665972016,-310.365309954882,161.964407113646,149.955007156357,1.692283,-9.051189,4.18189,0,0,0,254,254,811,0.316227766016838,-5
2022.06.30 11:15:42:796,103.796,385.944764474857,152.701711427786,23.401140041269,-314.752670022828,162.444060970392,153.284196819179,2.749944,-8.071824,3.997512,0,0,0,254,254,811,0.251188643150958,-6
2022.06.30 11:15:43:358,104.358,390.961185590446,152.689752798784,23.1729918255847,-319.356253875515,164.904392234275,153.846589727327,2.740813,-8.082257,4.000366,0,0,0,254,254,811,0.251188643150958,-6
2022.06.30 11:15:43:907,104.907,395.983662606034,152.678136510698,22.9506267408572,-323.959837728203,167.364723498624,154.408982634544,2.740185,-8.078284,3.998716,0,0,0,254,254,811,0.251188643150958,-6
2022.06.30 11:15:44:458,105.458,402.693568197565,152.199866629317,22.0236050714691,-330.221452021382,174.107003048906,151.005476661958,1.250002,-9.371492,4.391517,0,0,0,254,254,811,0.0630957344480193,-12
2022.06.30 11:15:45:022,106.022,407.817721354511,152.095633365898,21.672987062632,-334.922855892321,177.365206207458,150.610617416911,1.253069,-9.366775,4.389503,0,0,0,254,254,811,0.0630957344480193,-12
2022.06.30 11:15:45:556,106.556,413.352513214917,151.971123939221,21.3814407574673,-339.758148554574,180.872312938762,150.698065959848,1.252376,-9.363268,4.387753,0,0,0,254,254,811,0.0630957344480193,-12
2022.06.30 11:15:46:103,107.103,417.579869648966,151.389775445952,21.5821302164255,-340.891010130748,185.938735962689,153.600303439423,0.599027,-8.151853,5.752618,0,0,0,0,0,811,0.0501187233627272,-13
2022.06.30 11:15:46:668,107.668,422.679955476724,151.165067095258,21.3659309524295,-344.825150026393,189.843100382641,153.992070926353,0.602964,-8.156839,5.745877,0,0,0,254,254,811,0.0501187233627272,-13
2022.06.30 11:15:47:235,108.235,427.965278534233,150.950322311528,21.1308352635866,-348.970414982899,193.833188574303,154.280990743078,0.607309,-8.160317,5.737147,0,0,0,254,254,811,0.0501187233627272,-13
2022.06.30 11:15:47:797,108.797,433.193605327458,150.763425039151,20.9422411321764,-353.03844366986,197.602377849489,154.834935515188,0.607224,-8.156201,5.734665,0,0,0,254,254,811,0.0501187233627272,-13
2022.06.30 11:15:48:344,109.344,436.547312160747,151.256337703831,22.1304794842939,-354.557675451129,194.465981592788,164.454834336415,3.025516,-5.900263,5.474109,0,0,0,254,254,811,0.125892541179417,-9
2022.06.30 11:15:48:895,109.895,440.434253406856,151.189053866132,22.1046329446477,-357.54949508322,196.653460952381,165.735048904084,3.024671,-5.899747,5.473605,0.062527,-0.03263,-0.045718,254,254,811,0.125892541179417,-9
2022.06.30 11:15:49:474,110.474,446.088655030949,151.124482962805,22.0720617813934,-361.998606395887,199.632191175933,167.627817980945,3.024173,-5.896148,5.471797,0,0,0,254,254,811,0.125892541179417,-9
2022.06.30 11:15:50:022,111.022,455.145083330231,149.682137137444,21.268512756989,-366.138583773934,214.107269333934,165.098944787867,-0.292792,-7.092037,7.636223,0.020882,-0.010897,-0.015268,254,254,811,0.0501187233627272,-13
2022.06.30 11:15:50:589,111.589,460.66065009789,149.333513325916,21.1310882218552,-369.593821025157,219.156457061999,166.069531632587,-0.292418,-7.090775,7.63509,0,0,0,254,254,811,0.0501187233627272,-13
2022.06.30 11:15:51:153,112.153,465.870271449216,149.010812356059,21.0039425234892,-372.837933214589,223.927881659361,166.982900897041,-0.291779,-7.087754,7.632534,-0.00329,0.001208,0.001154,254,254,811,0.0501187233627272,-13
2022.06.30 11:15:51:714,112.714,471.094719872509,148.695791406186,20.8790258024626,-376.082045404487,228.699306256724,167.896270160563,-0.290821,-7.083794,7.629119,0,0,0,254,254,811,0.0501187233627272,-13
2022.06.30 11:15:52:295,113.295,477.787035211563,149.387700760188,19.0925935687672,-388.57959151919,229.917931461197,156.282106664963,0.014265,-10.180278,4.948913,0,1e-06,2e-06,254,254,811,0.0316227766016838,-15
2022.06.30 11:15:52:847,113.847,483.656504005395,149.236606039501,18.7964327623501,-393.435467929684,234.194050528284,155.837393262424,0.014101,-10.177272,4.947149,0,0,0,254,254,811,0.0316227766016838,-15
2022.06.30 11:15:53:394,114.394,489.21630115924,149.105689981252,18.5129496488962,-398.080219278852,238.192406464201,155.335462279618,0.013864,-10.173076,4.944693,0,0,0,254,254,811,0.0316227766016838,-15
2022.06.30 11:15:55:628,116.628,507.765134342477,147.4762334577,19.192103725981,-404.336734848615,257.826762986453,166.920929765329,0.425484,-6.89616,6.833831,0,0,0,0,0,811,0.158489319246111,-8
2022.06.30 11:15:56:192,117.192,512.956921289974,147.28909863276,19.0987986991331,-407.848624621609,261.943758578163,167.838523097336,0.42532,-6.895542,6.833339,0,0,0,254,254,811,0.158489319246111,-8
2022.06.30 11:15:56:756,117.756,518.215979546936,147.065288972919,19.0046054404953,-411.226625602822,266.387968672701,168.754004395567,0.425508,-6.893017,6.831427,0,0,0,254,254,811,0.158489319246111,-8
2022.06.30 11:15:57:305,118.305,523.091517332278,146.899981081852,18.9203691082071,-414.527390314024,270.227201133242,169.614380145445,0.425566,-6.890007,6.829134,0,0,0,254,254,811,0.158489319246111,-8
2022.06.30 11:15:57:856,118.856,526.571142798205,146.319883918799,17.9221546398694,-416.921714679695,277.84322498332,162.038867520168,-1.519429,-7.967877,6.638381,0,0,0,254,254,811,0.125892541179417,-9
2022.06.30 11:15:58:402,119.402,531.903915864929,146.039354968229,17.7433756984215,-420.186410617833,282.999583199882,162.099944334477,-1.518534,-7.965601,6.636583,0,0,0,254,254,811,0.125892541179417,-9
2022.06.30 11:15:58:982,119.982,537.032686463747,145.821414605981,17.5575339353364,-423.584995347286,287.636687554626,162.003067933023,-1.517843,-7.962189,6.633689,1e-06,-1e-06,-1e-06,254,254,811,0.125892541179417,-9
2022.06.30 11:15:59:514,120.514,536.471491354597,145.964056042837,17.3689013541263,-424.295606800808,286.57844292037,160.148977952078,-0.830837,-7.664363,5.349898,0,0,0,254,254,811,0.125892541179417,-9
2022.06.30 11:16:00:061,121.061,540.878558408471,145.812096812161,17.1997377010368,-427.405830199391,290.332806510414,159.939778421074,-0.833637,-7.663958,5.353675,0,0,0,254,254,811,0.125892541179417,-9
2022.06.30 11:16:00:627,121.627,545.960226253053,145.638661650085,17.0243300791016,-430.938303720159,294.6426963628,159.845014051534,-0.835467,-7.661402,5.354739,0,0,0,254,254,811,0.125892541179417,-9
2022.06.30 11:16:01:175,122.175,550.567148678281,145.497814117781,16.8436566052321,-434.259652179602,298.482783725489,159.532966850325,-0.837661,-7.658516,5.356076,0,0,0,254,254,811,0.125892541179417,-9
2022.06.30 11:16:01:727,122.727,550.909010314845,146.25859611149,16.7367006374371,-438.703664769783,293.037222124214,158.647466457449,1.124564,-7.781396,3.379948,0,0,0,254,254,811,0.0501187233627272,-13
2022.06.30 11:16:02:276,123.276,555.507342012726,146.287672733592,16.5678449750168,-442.905582247594,295.519000103945,158.403197005391,1.117548,-7.778464,3.385397,0,0,0,254,254,811,0.0501187233627272,-13
2022.06.30 11:16:02:824,123.824,559.992223771094,146.274378445444,16.4160674327648,-446.762485873229,298.242268813858,158.259663190693,1.117043,-7.775163,3.383789,0.00177,-0.001842,-0.003712,254,254,811,0.0501187233627272,-13
2022.06.30 11:16:03:377,124.377,563.051085781583,144.951531256347,15.3961945286646,-444.408951293022,311.739094158213,149.485605942085,-3.222695,-8.394243,5.142293,1e-06,-3e-06,-4e-06,254,254,811,0.0501187233627272,-13
2022.06.30 11:16:03:927,124.927,568.027752268194,144.70214210577,15.152590649383,-447.483105917609,316.810583504743,148.477107476443,-3.222346,-8.392855,5.141051,0,0,0,254,254,811,0.0501187233627272,-13
2022.06.30 11:16:04:478,125.478,572.875317796038,144.473824652133,14.900363592707,-450.557260542661,321.690033491814,147.308543758467,-3.221634,-8.390012,5.138504,0,0,0,254,254,811,0.0501187233627272,-13
2022.06.30 11:16:05:040,126.04,577.404901031914,144.260336885271,14.6550385279263,-453.420290106387,326.291720348181,146.082762459293,-3.220803,-8.386706,5.135538,0,0,0,254,254,811,0.0501187233627272,-13
2022.06.30 11:16:05:589,126.589,579.269962246122,144.345965352212,14.588794974099,-455.510956971405,326.764024453103,145.906578202732,-2.30064,-8.004561,4.464501,0,0,0,254,254,811,0.0630957344480193,-12
2022.06.30 11:16:06:153,127.153,583.874792163373,144.209144032783,14.3800935878789,-458.775652909543,330.768146518047,145.007263508625,-2.301825,-8.00282,4.464503,0,0,0,254,254,811,0.0630957344480193,-12
2022.06.30 11:16:06:715,127.715,588.422432310786,144.055834385703,14.1599681281226,-461.9064600559,334.907443727756,143.945771528408,-2.300627,-7.999682,4.461556,0.001684,-0.004454,-0.002783,254,254,811,0.0630957344480193,-12
2022.06.30 11:16:07:266,128.266,591.801441940552,142.647057158271,15.7232708408319,-452.82808241889,345.624273404606,160.373115232214,-3.050749,-3.753536,8.930943,-0.017687,-0.138779,0.018616,254,254,811,0.00794328234724281,-21
2022.06.30 11:16:07:828,128.828,596.039720007229,142.245332132725,15.7062667466592,-453.657097638904,351.317975680529,161.351372946985,-3.049778,-3.752548,8.929325,0.035963,-0.066271,-0.011415,254,254,811,0.00794328234724281,-21
2022.06.30 11:16:08:376,129.376,600.186728582909,141.861860465663,15.7182328173286,-454.408876589372,356.790779040435,162.594655618072,-3.048059,-3.750824,8.926476,0.014545,-0.019331,-0.038732,254,254,811,0.00794328234724281,-21
2022.06.30 11:16:08:927,129.927,607.728087123142,142.409459867469,15.2179743936113,-464.671669601376,357.723155183943,159.523702293634,-1.364467,-5.764401,6.811323,0,0,0,0,0,811,0.125892541179417,-9
2022.06.30 11:16:09:494,130.494,612.420602841099,142.195248150352,15.170058807475,-467.0146290242,362.315719393911,160.261194746941,-1.364953,-5.76331,6.811427,0,0,0,254,254,811,0.125892541179417,-9
2022.06.30 11:16:10:029,131.029,616.965486827803,141.998945853601,15.1111899597555,-469.357588447024,366.716244245818,160.838621947914,-1.3646,-5.761132,6.809821,-1e-06,-1.1e-05,6e-06,254,254,811,0.125892541179417,-9
2022.06.30 11:16:10:575,131.575,621.361452244596,141.820034229994,15.0416073646963,-471.700547869848,370.924729738734,161.255983898416,-1.363661,-5.758469,6.807157,0,0,0,254,254,811,0.125892541179417,-9
2022.06.30 11:16:11:123,132.123,626.862054848871,141.981028558486,14.5995901428029,-477.900410918307,373.631618054467,158.008376497775,-0.979134,-6.821352,5.788158,0,0,0,254,254,811,0.0316227766016838,-15
2022.06.30 11:16:11:671,132.671,631.544041680887,141.849162585079,14.509010730908,-480.799509255098,377.684336589849,158.222155140713,-0.979914,-6.818398,5.788303,0,0,0,254,254,811,0.0316227766016838,-15
2022.06.30 11:16:12:234,133.234,636.230671498088,141.719343896303,14.419693186414,-483.698607591889,381.7370551243,158.435933782719,-0.979271,-6.815607,5.785669,0,0,0,254,254,811,0.0316227766016838,-15
2022.06.30 11:16:12:784,133.784,640.622670585021,141.098644777041,14.6420471273407,-482.359719677339,389.234066040113,161.936248981394,-1.92389,-5.62711,7.259675,2e-06,-4e-06,-2e-06,254,254,811,0.1,-10
2022.06.30 11:16:13:333,134.333,645.465897539777,140.874695906322,14.5971981549821,-484.568790308848,394.153844752906,162.671629400924,-1.91737,-5.633315,7.250426,0,0,0,254,254,811,0.1,-10
2022.06.30 11:16:13:913,134.913,650.102585068076,140.650450808291,14.5284113659008,-486.643972148576,399.016759251939,163.08476728294,-1.914297,-5.633286,7.245112,0,0,0,254,254,811,0.1,-10
2022.06.30 11:16:14:462,135.462,654.463312784129,140.453853918246,14.47634007966,-488.641917718759,403.466735475035,163.60286486987,-1.910914,-5.633035,7.239213,0,0,0,254,254,811,0.1,-10
2022.06.30 11:16:15:008,136.008,661.899369387832,141.020959027596,12.5336398940341,-502.282522856468,406.436234708377,143.640626373701,-2.617719,-9.825233,3.863018,0,0,0,254,254,811,0.1,-10
2022.06.30 11:16:15:558,136.558,667.354936817087,140.934515902095,12.3000758985647,-506.257830248128,410.918427007735,142.167743711732,-2.617538,-9.822733,3.861228,0,0,0,254,254,811,0.1,-10
2022.06.30 11:16:16:105,137.105,672.479282799287,140.856779867615,12.0715516073803,-510.022012578462,415.122856175454,140.637643468566,-2.617275,-9.81908,3.858615,0,0,0,254,254,811,0.1,-10
2022.06.30 11:16:16:653,137.653,676.477983954868,139.46472745126,12.6989014469129,-501.551138798732,428.899417892946,148.708464037627,-4.901169,-6.793495,7.490033,0,0,0,254,254,811,0.125892541179417,-9
2022.06.30 11:16:17:201,138.201,681.094255299854,139.170530245049,12.5542825268115,-503.034112950962,434.659107029489,148.045690536499,-4.900578,-6.792609,7.488866,0,0,0,254,254,811,0.125892541179417,-9
2022.06.30 11:16:17:767,138.767,686.423743925666,138.868592342594,12.4083691606286,-504.93933722631,440.974322427912,147.497352198698,-4.898969,-6.790231,7.485707,0,0,0,254,254,811,0.125892541179417,-9
2022.06.30 11:16:18:318,139.318,691.429074778653,138.577461655289,12.2657713179949,-506.633436439867,447.011774695162,146.891796279699,-4.897049,-6.787416,7.481953,0,0,0,254,254,811,0.125892541179417,-9
2022.06.30 11:16:18:865,139.865,696.152540839212,138.312458761695,12.1391187253703,-508.250299383879,452.636288687409,146.391200064681,-4.894861,-6.784189,7.477654,-0.000144,-4.3e-05,0.000135,254,254,811,0.125892541179417,-9
2022.06.30 11:16:19:416,140.416,701.386043477535,138.036406677436,11.9880108007002,-510.155523658761,458.759464727304,145.682796474546,-4.892277,-6.780387,7.47259,0,0,0,254,254,811,0.125892541179417,-9
2022.06.30 11:16:19:965,140.965,706.263197091874,137.751748603934,11.8623347190083,-511.638497811458,464.711193222374,145.180088226683,-4.889898,-6.776897,7.467937,0,0,0,254,254,811,0.125892541179417,-9
2022.06.30 11:16:20:558,141.558,711.388491354041,137.493442426842,11.7391669102477,-513.46648581633,470.61347034579,144.736709591933,-4.887364,-6.773242,7.463016,0,0,0,254,254,811,0.125892541179417,-9
2022.06.30 11:16:21:109,142.109,716.679832631245,137.230107325876,11.5934559443377,-515.371710091678,476.736646386151,144.028306002729,-4.884135,-6.768743,7.456847,0,0,0,254,254,811,0.125892541179417,-9
2022.06.30 11:16:21:655,142.655,721.801888834229,136.964314921949,11.46100675619,-517.065809305235,482.774098653401,143.42275008373,-4.881352,-6.764738,7.451454,0,0,0,254,254,811,0.125892541179417,-9
2022.06.30 11:16:22:221,143.221,717.755465792333,135.124715543805,10.1521975112724,-500.669625501892,498.49474411325,126.5141291162,-10.097493,-6.234468,7.752205,1.9e-05,3e-06,-2.7e-05,0,0,811,0.0501187233627272,-13
2022.06.30 11:16:22:755,143.755,722.389413134085,134.709063323784,9.9235697703175,-500.602586678247,505.712500278209,124.492495683953,-10.095038,-6.234097,7.751424,0.023404,0.089814,-0.052224,254,254,811,0.0501187233627272,-13
2022.06.30 11:16:23:312,144.312,727.350079823413,134.250277179811,9.65930806738169,-500.345006541517,513.613545007705,122.041547977366,-10.092568,-6.232628,7.747961,0,0,0,254,254,811,0.0501187233627272,-13
2022.06.30 11:16:23:909,144.909,732.577049506547,133.818070711288,9.43378649214831,-500.355203987883,521.436278806661,120.075020092539,-10.087209,-6.230584,7.743176,0.007713,0.029608,-0.017213,254,254,811,0.0501187233627272,-13
2022.06.30 11:16:24:456,145.456,737.360114867315,133.420870400554,9.21286060339744,-500.288165164239,528.65403497162,118.053386660293,-10.080004,-6.228348,7.737918,2e-06,0,-3e-06,254,254,811,0.0501187233627272,-13
2022.06.30 11:16:25:022,146.022,742.685622482501,133.001467071753,8.99259780051309,-500.298362610605,536.476768771037,116.086858775467,-10.070684,-6.225389,7.730762,0,0,0,254,254,811,0.0501187233627272,-13
2022.06.30 11:16:25:556,146.556,747.708159170293,132.591085120718,8.77474993930272,-500.097434995645,544.021739439289,114.063113310374,-10.066002,-6.222694,7.724288,0,0,0,254,254,811,0.0501187233627272,-13
2022.06.30 11:16:26:106,147.106,744.546699052823,133.329466516477,11.1959747151054,-501.179309340454,531.290862264774,144.565233142115,-3.131068,-2.759151,8.221213,0,0,0,254,254,811,0.199526231496888,-7
2022.06.30 11:16:26:654,147.654,748.503205481441,133.084850617738,11.224116887639,-501.508838168271,536.208139362338,145.694080650806,-3.130462,-2.758687,8.22031,-0.000814,0.001708,0.002614,254,254,811,0.199526231496888,-7
2022.06.30 11:16:27:216,148.216,752.800919711965,132.825370063616,11.2386545070276,-501.915603266098,541.538354735374,146.717968455516,-3.128695,-2.757318,8.21764,0,0,0,254,254,811,0.199526231496888,-7
2022.06.30 11:16:27:766,148.766,756.467586613555,132.620736985279,11.2584452793455,-502.37902088523,545.936377971124,147.68886274565,-3.126846,-2.755896,8.214852,0,0,0,254,254,811,0.199526231496888,-7
2022.06.30 11:16:28:313,149.313,747.953070830251,132.37536281016,13.0980454211007,-490.993941453969,538.1715347231,169.499689774588,-0.382138,1.013894,9.207166,0,0,0,254,254,811,0.0199526231496888,-17
2022.06.30 11:16:28:893,149.893,751.044053480527,132.127267529307,13.2847024163332,-490.303913748687,542.111224637389,172.582335577346,-0.380802,1.014333,9.20553,0,0,0,254,254,811,0.0199526231496888,-17
2022.06.30 11:16:29:443,150.443,753.979870167989,131.890853311069,13.4602881123486,-489.613886042939,545.858875193146,175.504916128702,-0.378935,1.014934,9.203252,0,0,0,254,254,811,0.0199526231496888,-17
2022.06.30 11:16:29:995,150.995,758.296638792206,131.415447075748,12.3668510886844,-489.984393511728,555.476231354351,162.404565572739,-3.222595,-0.741992,8.103551,2e-06,-4e-06,-6e-06,254,254,811,0.0794328234724281,-11
2022.06.30 11:16:30:544,151.544,761.300509638959,131.154434744542,12.4315550127456,-489.25829703245,559.772850232028,163.887586181983,-3.221659,-0.741653,8.102383,0,0,0,254,254,811,0.0794328234724281,-11
2022.06.30 11:16:31:107,152.107,764.651753484293,130.879084609633,12.4819426819705,-488.609436823648,564.482407384246,165.265647087246,-3.219681,-0.740951,8.099928,0,0,0,254,254,811,0.0794328234724281,-11
2022.06.30 11:16:31:655,152.655,767.863360451404,130.630087190099,12.5343777364332,-488.094465406162,568.864750034103,166.645820026286,-3.21739,-0.740141,8.097086,0,0,0,254,254,811,0.0794328234724281,-11
2022.06.30 11:16:32:207,153.207,771.247514390028,130.359168573735,12.5833637157706,-487.445605196894,573.574307185852,168.023880931549,-3.214812,-0.73923,8.093888,0.056584,0.015422,-0.008403,254,254,811,0.0794328234724281,-11
2022.06.30 11:16:32:754,153.754,774.48890545274,130.114262812931,12.6344579847255,-486.930633779408,577.956649835243,169.404053870589,-3.211973,-0.738179,8.090375,0,0,0,254,254,811,0.0794328234724281,-11
2022.06.30 11:16:33:319,154.319,777.547251485391,129.866298719642,12.663833909074,-486.281773570141,582.282128270876,170.461984273046,-3.209369,-0.737257,8.087145,0.01887,0.005143,-0.002802,254,254,811,0.0794328234724281,-11
2022.06.30 11:16:33:897,154.897,773.584023382714,127.030663046836,12.8904892002793,-454.143931462197,601.998770572216,172.577550621703,-9.673115,4.086799,11.773908,0,0,0,254,254,811,0.0199526231496888,-17
2022.06.30 11:16:34:446,155.446,776.912887477383,126.355134441428,12.9567274299011,-448.819349853647,609.762838349539,174.195599523373,-9.669967,4.085968,11.771237,0.003417,-0.007644,-0.010627,254,254,811,0.0199526231496888,-17
2022.06.30 11:16:34:994,155.994,780.309537738045,125.748576965163,13.006083301825,-444.184795950846,617.043924666035,175.612177151255,-9.665263,4.084742,11.76726,0,0,0,254,254,811,0.0199526231496888,-17
2022.06.30 11:16:35:556,156.556,788.769744768155,126.777800192704,12.3627572806176,-461.29631222011,617.125868124214,168.875947031192,-6.257562,-0.610135,8.394577,-1e-06,3e-06,0,254,254,811,0.501187233627272,-3
2022.06.30 11:16:36:107,157.107,792.339123323994,126.44704058043,12.3361668720184,-459.844119262486,622.646476142232,169.280944223516,-6.256522,-0.610002,8.393438,0,0,0,254,254,811,0.501187233627272,-3
2022.06.30 11:16:36:653,157.653,795.947125572894,126.088301665278,12.3166330431985,-458.046912451754,628.408574890891,169.786677053198,-6.254001,-0.609671,8.390671,0,0,0,254,254,811,0.501187233627272,-3
2022.06.30 11:16:37:203,158.203,799.405959442453,125.768623088351,12.3116595071024,-456.517483224119,633.708283991964,170.456699201837,-6.251034,-0.609283,8.387416,0,0,0,254,254,811,0.501187233627272,-3
2022.06.30 11:16:37:751,158.751,796.525189059107,125.224227464538,10.8548861756109,-451.197811483012,639.039824813357,150.003380032256,-9.413632,-2.104721,6.385044,0,0,0,254,254,811,0.0316227766016838,-15
2022.06.30 11:16:38:314,159.314,800.199152612548,124.847674244604,10.6819255479664,-449.307883377445,645.322887226732,148.322220176458,-9.411681,-2.104516,6.382932,0,0,0,254,254,811,0.0316227766016838,-15
2022.06.30 11:16:38:861,159.861,803.549531243303,124.500893806484,10.5342974136894,-447.474607793184,651.057836221269,146.908197308891,-9.408658,-2.104203,6.379668,0,0,0,254,254,811,0.0316227766016838,-15
2022.06.30 11:16:39:408,160.408,802.601762427069,124.627524305877,11.7633632939667,-446.491308889123,646.561265682994,163.626494969241,-5.580965,-0.234911,6.806658,-0.29792,0.040091,0.305006,254,254,811,0.501187233627272,-3
2022.06.30 11:16:39:955,160.955,805.439655362939,124.331980923671,11.7425909016522,-444.750754600162,651.199132936308,163.919169033878,-5.58,-0.234844,6.805637,0,0,0,254,254,811,0.501187233627272,-3
2022.06.30 11:16:40:505,161.505,808.459135204123,124.061261721549,11.7235899818422,-443.355214163842,655.787548817501,164.271172713488,-5.577904,-0.234706,6.803425,0,0,0,254,254,811,0.501187233627272,-3
2022.06.30 11:16:41:056,162.056,811.307144924543,123.800303030779,11.6956965973977,-441.959673727522,660.18392534064,164.463111140765,-5.575361,-0.234541,6.800743,0,0,0,254,254,811,0.501187233627272,-3
2022.06.30 11:16:41:606,162.606,804.238593353513,123.319302516817,11.9154788467194,-432.253019629485,657.559467370458,166.049959144555,-5.606019,1.313002,6.059145,0,0,0,254,254,811,0.0398107170553497,-14
2022.06.30 11:16:42:188,163.188,806.495972646034,122.994712331329,11.9018941230951,-429.745201365232,661.883299092544,166.328933683224,-5.603495,1.310926,6.056993,0,0,-1e-06,254,254,811,0.0398107170553497,-14
2022.06.30 11:16:42:770,163.77,808.572624243241,122.706376341381,11.9029791112194,-427.505160683609,665.74474116704,166.772197541781,-5.600739,1.310628,6.054315,0,0,0,254,254,811,0.0398107170553497,-14
2022.06.30 11:16:43:318,164.318,810.86843900233,122.3986933376,11.9006414886433,-425.13123121067,669.93339774436,167.213349365629,-5.597154,1.308725,6.051496,0,0,0,254,254,811,0.0398107170553497,-14
2022.06.30 11:16:43:868,164.868,813.186517390373,122.092761713705,11.8979865658491,-422.757301737732,674.122054322146,167.654501190409,-5.592297,1.304059,6.048558,-1.6e-05,-1.6e-05,1.5e-05,254,254,811,0.0398107170553497,-14
2022.06.30 11:16:44:417,165.417,815.324013412147,121.809136128441,11.8981716178072,-420.517261056109,677.983496396642,168.097765048034,-5.588521,1.303265,6.045241,0,0,0,254,254,811,0.0398107170553497,-14
2022.06.30 11:16:44:979,165.979,817.241896628778,121.564311101742,11.8829144043425,-418.622234227127,681.411408382894,168.280228017829,-5.585674,1.302719,6.042706,0,0,0,254,254,811,0.0398107170553497,-14
2022.06.30 11:16:45:513,166.513,819.825366290484,121.242888639562,11.8762776867409,-416.114415962873,685.927279463041,168.719267807901,-5.580523,1.299665,6.038942,-6.7e-05,0.000143,0.000228,254,254,811,0.0398107170553497,-14
2022.06.30 11:16:46:075,167.075,822.032416121672,120.950696198681,11.8639473815673,-413.740486489469,689.923896682303,169.000354381278,-5.575856,1.298192,6.035068,1.7e-05,-2.4e-05,-9e-06,254,254,811,0.0398107170553497,-14
2022.06.30 11:16:46:628,167.628,824.246233195432,120.673179189962,11.8631041600155,-411.500445808311,693.785338757261,169.443618238904,-5.572073,1.29744,6.031718,0,0,0,254,254,811,0.0398107170553497,-14
2022.06.30 11:16:47:175,168.175,826.634260336723,120.406982084591,11.8524452184704,-409.471530188014,697.732504604402,169.784034427255,-5.568564,1.296595,6.028668,6.5e-05,0.000281,-0.000154,254,254,811,0.0398107170553497,-14
2022.06.30 11:16:47:738,168.738,829.09492041413,120.112714770455,11.8479085855067,-407.09760071461,701.921161181723,170.225186251104,-5.565091,1.295944,6.025568,0,0,0,254,254,811,0.0398107170553497,-14
2022.06.30 11:16:48:318,169.318,831.576408847639,119.820206345066,11.8430979381942,-404.723671241671,706.109817759509,170.666338075884,-5.561339,1.295274,6.022197,-3.8e-05,8e-05,0.000123,254,254,811,0.0398107170553497,-14
2022.06.30 11:16:48:896,169.896,805.542605660329,117.290881796153,6.10942509293768,-367.250105800806,711.811965427649,85.7319963453338,-19.074921,0.872679,-0.432562,0,0,0,254,254,811,0.00794328234724281,-21
2022.06.30 11:16:49:449,170.449,807.086082287855,116.697753544437,5.63346828012533,-360.859512583753,717.559364672201,79.2269813371822,-19.073193,0.871735,-0.433708,2e-06,-4e-06,-5e-06,254,254,811,0.00794328234724281,-21
2022.06.30 11:16:50:029,171.029,808.722694594761,116.120742882929,5.17065677971581,-354.602808158481,723.171588772922,72.8841436142102,-19.069033,0.869458,-0.436458,0,0,0,254,254,811,0.00794328234724281,-21
2022.06.30 11:16:50:579,171.579,810.290651952987,115.597825767363,4.75647801608243,-348.881658898471,728.243112295975,67.1900150328875,-19.064274,0.866843,-0.4396,0,0,0,254,254,811,0.00794328234724281,-21
2022.06.30 11:16:51:144,172.144,812.074081504775,115.052355232198,4.32004142534659,-342.892732055829,733.584986107631,61.1715318802744,-19.058187,0.863219,-0.44343,-0.000723,0.001206,0.001118,254,254,811,0.00794328234724281,-21
2022.06.30 11:16:51:706,172.706,813.988302063567,114.461283017787,3.85807275243283,-336.291013777451,739.246661579538,54.7693645423278,-19.051455,0.859436,-0.447821,0,0,0,254,254,811,0.00794328234724281,-21
2022.06.30 11:16:52:256,173.256,815.782474356854,113.972115497254,3.47166160588254,-330.837642101002,744.047834814457,49.3995905322954,-19.04604,0.856429,-0.451377,0.00094,-0.000709,-0.000709,254,254,811,0.00794328234724281,-21
2022.06.30 11:16:52:839,173.839,818.259076690253,113.357514079187,3.00061441612126,-323.968146239527,750.171899933957,42.8331338753924,-19.038702,0.852007,-0.455964,6.9e-05,1e-06,-4.2e-05,254,254,811,0.00794328234724281,-21
2022.06.30 11:16:53:388,174.388,820.712610813967,112.819954724405,2.58216146052048,-317.979219396886,755.705813104138,36.9747159751132,-19.030355,0.846288,-0.460739,0,0,0,254,254,811,0.00794328234724281,-21
2022.06.30 11:16:53:936,174.936,822.874184159063,112.291957642525,2.17442205686951,-311.913056284699,760.826787999311,31.2212577778846,-19.023312,0.842181,-0.465236,0.044028,-0.024419,-0.017213,254,254,811,0.00794328234724281,-21
2022.06.30 11:16:54:486,175.486,811.848390774599,113.342285273974,8.27348836055862,-318.325366383507,737.644232173152,116.823616883717,-4.652686,7.211841,4.08897,-0.001002,-0.000599,0.000395,0,0,811,0.00794328234724281,-21
2022.06.30 11:16:55:028,176.028,811.923481200939,112.996493177613,8.36982047321729,-313.81960254907,739.438481256464,118.185146353208,-4.652149,7.211294,4.088778,0,0,2e-06,254,254,811,0.00794328234724281,-21
2022.06.30 11:16:55:575,176.575,811.934870271877,112.626532788129,8.46259487802392,-308.968824861527,741.2821817119,119.487346206792,-4.650088,7.209237,4.088011,0,0,0,254,254,811,0.00794328234724281,-21
2022.06.30 11:16:56:140,177.14,811.732545786425,112.274112039504,8.55780915795171,-304.251935965764,742.798667664974,120.791658094153,-4.647442,7.206607,4.08702,0,0,0,254,254,811,0.00794328234724281,-21
2022.06.30 11:16:56:673,177.673,786.546356916832,111.37266669017,10.8567305635646,-281.512558298779,719.345342470009,148.149010681547,-1.414746,13.115142,5.932301,0,0,0,254,254,811,0.0630957344480193,-12
2022.06.30 11:16:57:235,178.235,785.199575233292,110.88940609004,11.1995376593654,-274.643251292813,719.618802177614,152.506514674984,-1.41302,13.112631,5.932167,8e-06,-6e-06,-6e-06,254,254,811,0.0630957344480193,-12
2022.06.30 11:16:57:786,178.786,784.241593364158,110.415565664348,11.5107003796311,-268.062305618648,720.198884574809,156.4961460419,-1.410328,13.108708,5.931959,-3.7e-05,9e-05,0.00012,254,254,811,0.0630957344480193,-12
2022.06.30 11:16:58:348,179.348,783.312056857466,109.952411232231,11.8346543866793,-261.615248735799,720.643791827708,160.647954693995,-1.407179,13.104121,5.931716,0,0,0,254,254,811,0.0630957344480193,-12
2022.06.30 11:16:58:897,179.897,782.457055710514,109.565305816471,12.0841093972503,-256.223817159113,720.941199866389,163.805329238065,-1.403482,13.099158,5.931135,0,0,0,254,254,811,0.0630957344480193,-12
2022.06.30 11:16:59:460,180.46,781.558706236602,108.998754097305,12.4479597271268,-248.453357386538,721.611917262642,168.467152175494,-1.398684,13.092334,5.930658,-0.0187,0.021374,-0.010976,254,254,811,0.0630957344480193,-12
2022.06.30 11:17:00:007,181.007,780.76143977588,108.546819002807,12.7533106285727,-242.217425565015,721.950508929658,172.356047905982,-1.394962,13.086946,5.930349,0.000922,-0.002123,-0.002756,254,254,811,0.0630957344480193,-12
2022.06.30 11:17:00:559,181.559,774.122227192273,109.027047288852,12.3523976566466,-246.532648086366,714.886328295193,165.603181362152,-0.482409,10.42617,3.068834,0,0,0,254,254,811,0.0251188643150958,-16
2022.06.30 11:17:01:108,182.108,772.769934916217,108.68569976497,12.5944789902553,-241.620119154568,714.422991742344,168.501867052168,-0.482067,10.424118,3.069865,0.000303,5.9e-05,-0.000269,254,254,811,0.0251188643150958,-16
2022.06.30 11:17:01:656,182.656,771.273977110606,108.378155777675,12.8000103617577,-237.129840344955,713.74702401727,170.874726898037,-0.480471,10.421123,3.070064,0,0,0,254,254,811,0.0251188643150958,-16
2022.06.30 11:17:02:220,183.22,766.742865267454,107.869691445808,9.87101184323306,-231.794494723515,718.949655283821,131.44324562978,-7.336286,6.096671,-2.294343,0.002066,-0.000406,-0.002174,254,254,811,0.0630957344480193,-12
2022.06.30 11:17:02:751,183.751,764.886007985839,107.500854474679,9.74657097512763,-226.696523201116,718.95212798622,129.487950192764,-7.335529,6.095453,-2.294327,0.003336,0.003189,-0.001352,254,254,811,0.0630957344480193,-12
2022.06.30 11:17:03:317,184.317,763.14657903663,107.112767186634,9.64009780842916,-221.387426617856,719.060916274037,127.795567677356,-7.333717,6.092583,-2.294319,0.020843,-0.061932,0.126098,254,254,811,0.0630957344480193,-12
2022.06.30 11:17:03:868,184.868,761.421201014186,106.767230511007,9.51746093735261,-216.634468948564,719.013937604781,125.899601855315,-7.331534,6.089134,-2.294315,0,0,0,254,254,811,0.0630957344480193,-12
2022.06.30 11:17:04:416,185.416,760.20130531511,106.43844491197,9.41699727996311,-212.226525132378,719.301586279991,124.383096151054,-7.329312,6.085341,-2.294129,0,0,0,254,254,811,0.0630957344480193,-12
2022.06.30 11:17:04:964,185.964,758.299106717369,106.023970400199,9.29443268897461,-206.572414696011,719.2677865814,122.4713187702,-7.326154,6.080056,-2.293932,0,0,0,254,254,811,0.0630957344480193,-12
2022.06.30 11:17:05:514,186.514,756.669068686499,105.674570058937,9.1691804185668,-201.819457027184,719.220807912145,120.575352947228,-7.323575,6.075921,-2.29389,-0.000102,0.000221,0.000338,254,254,811,0.0630957344480193,-12
2022.06.30 11:17:06:064,187.064,750.34044687287,105.197667847709,9.31894221103186,-194.105649775915,714.542427925957,121.502681584097,-6.703498,7.056746,-2.573663,0,0,0,254,254,811,0.0501187233627272,-13
2022.06.30 11:17:06:626,187.626,748.349761395159,104.813426067379,9.23338266181034,-188.853205714425,714.103102794932,120.077436057851,-6.703828,7.053013,-2.570911,0,0,0,254,254,811,0.0501187233627272,-13
2022.06.30 11:17:07:175,188.175,746.255249196074,104.418359564681,9.12361229070744,-183.466872861155,713.606913449217,118.329947995953,-6.701798,7.049918,-2.570479,0,0,0,254,254,811,0.0501187233627272,-13
2022.06.30 11:17:07:722,188.722,744.589105720069,104.053773395529,9.05023115585156,-178.559442652307,713.3101763046,117.124097337015,-6.699677,7.046256,-2.570123,-0.000465,8.2e-05,0.000621,254,254,811,0.0501187233627272,-13
2022.06.30 11:17:08:269,189.269,742.702087330137,103.66417240758,8.96209276772337,-173.306998590352,712.870851174041,115.6988518117,-6.698105,7.038876,-2.56684,-9.3e-05,-9.1e-05,0.000131,254,254,811,0.0501187233627272,-13
2022.06.30 11:17:08:833,189.833,740.601366764514,103.249067102882,8.8589294974754,-167.709540675756,712.288938056146,114.054211420007,-6.695269,7.033679,-2.566361,-0.000145,2.6e-05,0.000194,254,254,811,0.0501187233627272,-13
2022.06.30 11:17:09:398,190.398,738.901212114667,102.870423560757,8.7595687867813,-162.668221675593,711.935336697767,112.526118223555,-6.692817,7.028281,-2.565314,-0.011566,0.041687,-0.008607,254,254,811,0.0501187233627272,-13
2022.06.30 11:17:09:948,190.948,737.200062798952,102.46293257479,8.65512398924295,-157.281888822323,711.631186710576,110.938695413992,-6.690145,7.022084,-2.563958,-0.000212,-0.000116,5.9e-05,254,254,811,0.0501187233627272,-13
2022.06.30 11:17:10:495,191.495,735.347859256701,102.05148954102,8.57287734433165,-151.818319699042,711.106137806906,109.616297558881,-6.687088,7.015833,-2.563008,0,0,0,254,254,811,0.0501187233627272,-13
2022.06.30 11:17:11:041,192.041,733.754533835715,101.668089819053,8.47097630496196,-146.777000698879,710.752536448526,108.08820436243,-6.684387,7.010891,-2.562568,0,0,0,254,254,811,0.0501187233627272,-13
2022.06.30 11:17:11:591,192.591,723.20130266709,101.35444411419,13.4503760449455,-138.477028761534,689.598904321931,168.218868866563,2.470597,13.621588,1.720394,0,0,0,0,0,811,0.398107170553497,-4
2022.06.30 11:17:12:169,193.169,720.078740797659,100.87731393618,13.9236649120923,-131.890984363954,686.36363949845,173.271796801127,2.470947,13.620336,1.720845,0,0,0,254,254,811,0.398107170553497,-4
2022.06.30 11:17:12:719,193.719,717.649325406843,100.447571652649,14.3187411769388,-126.092787690372,683.827343825393,177.486131813377,2.471901,13.616885,1.722096,0,0,0,254,254,811,0.398107170553497,-4
2022.06.30 11:17:13:266,194.266,715.407510376267,100.051260693979,14.6610336923819,-120.794077408987,681.491355255577,181.069681276567,2.473056,13.612804,1.72354,0,0,0,254,254,811,0.398107170553497,-4
2022.06.30 11:17:13:814,194.814,714.418256060323,99.0881371863122,14.4089930039099,-109.295315223634,683.25928057362,177.777203748003,-0.096888,14.222502,1.209279,3.7e-05,-7.2e-05,-9.9e-05,254,254,811,0.1,-10
2022.06.30 11:17:14:365,195.365,712.136936731016,98.5513440235174,14.7429142341584,-102.405424469427,681.035373718249,181.226282421499,-0.096007,14.219813,1.209976,0,0,0,254,254,811,0.1,-10
2022.06.30 11:17:14:914,195.914,709.797313754297,98.0282166925017,15.05878919558,-95.7266587770119,678.70515127746,184.41244817432,-0.094371,14.215271,1.211194,0,0,0,254,254,811,0.1,-10
2022.06.30 11:17:15:465,196.465,707.324169614935,98.9357371310408,14.8105931104635,-106.216061875166,675.524680158498,180.809390292503,1.92421,9.179895,-0.016888,0,0,0,254,254,811,0.125892541179417,-9
2022.06.30 11:17:16:028,197.028,705.013214067006,98.6447369581731,15.0830573666114,-102.317990753516,672.991741002814,183.457835262641,1.924399,9.178843,-0.016403,-8.3e-05,0.000296,-6.1e-05,254,254,811,0.125892541179417,-9
2022.06.30 11:17:16:581,197.581,702.886849287094,98.3548301213874,15.3311323722432,-98.4971559014115,670.679700764078,185.841255277395,1.924845,9.176318,-0.015233,0,0,0,254,254,811,0.125892541179417,-9
2022.06.30 11:17:17:131,198.131,700.806071089698,98.0920648325165,15.585006828783,-95.0213349019479,668.318209153218,188.284004907124,1.925386,9.173243,-0.013806,0,0,0,254,254,811,0.125892541179417,-9
2022.06.30 11:17:17:695,198.695,692.567940538495,97.22760728025,15.0722377880482,-84.1353641523326,663.429033979664,180.093058260158,-0.516211,9.771969,-1.268964,-8.8e-05,0.000131,0.000276,254,254,811,0.0398107170553497,-14
2022.06.30 11:17:18:261,199.261,690.043389507508,96.8340065792679,15.2403733110713,-79.2228352200686,661.045303841562,181.391091434285,-0.515565,9.769549,-1.268067,0,0,0,254,254,811,0.0398107170553497,-14
2022.06.30 11:17:18:792,199.792,687.937229393824,96.4696273445838,15.3963332736284,-74.7325564109219,659.025060607273,182.643494518474,-0.514234,9.765838,-1.266764,-0.000211,0.00019,7.2e-05,254,254,811,0.0398107170553497,-14
2022.06.30 11:17:19:345,200.345,683.051550231547,97.209771506744,15.8457058233014,-82.4671362654745,651.900469969427,186.505680780858,2.276567,7.14793,-1.71366,0,0,0,254,254,811,0.0125892541179417,-19
2022.06.30 11:17:19:893,200.893,680.620302227294,97.0227430130718,16.0538339292633,-79.9697043030949,649.17058022834,188.219021258876,2.276438,7.146912,-1.712895,0,0,0,254,254,811,0.0125892541179417,-19
2022.06.30 11:17:20:443,201.443,678.045185618278,96.8228777922029,16.2388575726549,-77.3383835489345,646.383826273028,189.61011919938,2.276367,7.144763,-1.711443,0,0,0,254,254,811,0.0125892541179417,-19
2022.06.30 11:17:20:993,201.993,671.084448686351,95.7538486340729,16.1500325103523,-64.6244247939816,641.353554731824,186.664508735761,0.042362,9.311207,-2.302202,-0.000746,0.001607,0.002482,0,0,811,0.0398107170553497,-14
2022.06.30 11:17:21:558,202.558,668.630249774033,95.4386686549465,16.3047487510408,-60.8241736901171,638.850330036708,187.715440547094,0.043129,9.309799,-2.301905,0,0,0,254,254,811,0.0398107170553497,-14
2022.06.30 11:17:22:110,203.11,665.617868287718,95.0312530724511,16.5067204996991,-55.9682972796235,635.726447120775,189.12054545898,0.043623,9.306916,-2.300553,0.000283,0.000412,-0.000445,254,254,811,0.0398107170553497,-14
2022.06.30 11:17:22:659,203.659,663.08042117047,94.6729810738948,16.6850285858096,-51.7457960531073,633.051774880369,190.377172610722,0.044183,9.303615,-2.299,0,0,0,254,254,811,0.0398107170553497,-14
2022.06.30 11:17:23:205,204.205,660.41613449525,94.2995832399526,16.8389995105733,-47.3894060352759,630.320238425738,191.311557225883,0.046135,9.297956,-2.297044,-0.026371,0.015619,-0.042488,254,254,811,0.0398107170553497,-14
2022.06.30 11:17:23:756,204.756,657.644304818764,93.9169200991629,17.0213540918271,-42.9557797474339,627.367803054629,192.510966797359,0.047625,9.292211,-2.29472,1.8e-05,5e-06,9e-06,254,254,811,0.0398107170553497,-14
2022.06.30 11:17:24:306,205.306,655.200469334599,93.5480076168381,17.2017888023526,-38.7332785209178,624.693130814223,193.767593949102,0.048438,9.287519,-2.292528,0,0,0,254,254,811,0.0398107170553497,-14
2022.06.30 11:17:24:855,205.855,650.697108850357,93.166456388023,14.0274836869576,-34.8707096053426,630.329229079198,157.720715336502,-6.326221,5.121615,-4.893127,0.000366,-0.001884,0.000975,0,0,811,0.251188643150958,-6
2022.06.30 11:17:25:403,206.403,648.523627975594,92.7535309149447,13.83020097417,-30.2516407278308,628.994839114024,155.026535289362,-6.325874,5.120762,-4.89293,0,0,0,254,254,811,0.251188643150958,-6
2022.06.30 11:17:25:950,206.95,646.661281120653,92.3883743105309,13.6357005550924,-26.1887107638203,627.888760907903,152.448902438395,-6.324935,5.11844,-4.892388,0,0,0,254,254,811,0.251188643150958,-6
2022.06.30 11:17:26:500,207.5,644.764737183454,92.0027317071302,13.4503611613096,-21.9146557389496,626.696958929599,149.974117258564,-6.323643,5.115175,-4.891601,6.9e-05,-9.8e-05,-0.000121,254,254,811,0.251188643150958,-6
2022.06.30 11:17:27:046,208.046,634.181956750587,91.2290103927463,14.9761287815762,-13.1403133140743,612.500125525516,163.883137220517,-3.266341,8.549413,-4.719293,0,0,0,254,254,811,0.00794328234724281,-21
2022.06.30 11:17:27:595,208.595,631.155572631622,90.76975318314,14.9611141306412,-8.19171560874584,609.705166916236,162.941284194589,-3.265839,8.547242,-4.718406,0,0,0,254,254,811,0.00794328234724281,-21
2022.06.30 11:17:28:143,209.143,628.394270512887,90.3060690378282,14.9546096893938,-3.24311790295169,607.102247665483,162.159496420063,-3.26501,8.54364,-4.716931,0,0,0,254,254,811,0.00794328234724281,-21
2022.06.30 11:17:28:688,209.688,617.674254554317,89.7774045071929,13.9738539243139,2.32865753998819,599.390293233995,149.15541716665,-4.784385,7.6388,-6.72039,-0.004685,0.009908,0.015357,0,0,811,0.0125892541179417,-19
2022.06.30 11:17:29:240,210.24,614.211451735685,89.2825127642012,13.8455295520851,7.4677965584023,596.318426395694,146.983923606575,-4.783549,7.638053,-6.719563,0,0,1e-06,254,254,811,0.0125892541179417,-19
2022.06.30 11:17:29:788,210.788,611.074457448402,88.803546270917,13.7138885060463,12.3958105159563,593.524322689027,144.869647628628,-4.782956,7.635009,-6.718212,-0.001558,0.003295,0.005107,254,254,811,0.0125892541179417,-19
2022.06.30 11:17:30:336,211.336,608.385989844502,88.3545853748953,13.6075253072774,16.9788106199378,591.064846326826,143.134831769392,-4.782637,7.631536,-6.716149,0,0,0,254,254,811,0.0125892541179417,-19
2022.06.30 11:17:30:884,211.884,605.006774920079,87.8249169590597,13.4834591460048,22.3290747001434,587.907255715876,141.066185880452,-4.78391,7.625744,-6.71046,0.001896,-0.003472,-0.005785,254,254,811,0.0125892541179417,-19
2022.06.30 11:17:31:449,212.449,601.829832730008,87.2984763084957,13.3275612507581,27.6021025098728,584.97056402234,138.732515036128,-4.783531,7.619933,-6.70711,0,0,0,254,254,811,0.0125892541179417,-19
2022.06.30 11:17:31:998,212.998,599.045818701091,86.8364486695358,13.2044208702143,32.18510261432,582.319048301611,136.837633924559,-4.783146,7.614721,-6.703939,0.001287,0.001002,0.000211,254,254,811,0.0125892541179417,-19
2022.06.30 11:17:32:545,213.545,587.986556996262,87.875770278705,15.7683794591077,20.9743240488219,565.470659735183,159.784861353226,2.619383,6.776254,-5.39123,0,0,0,254,254,811,0.1,-10
2022.06.30 11:17:33:093,214.093,583.733697119693,87.5954243426113,15.9411758746888,23.548992281212,560.791516850888,160.322639523074,2.619069,6.775311,-5.390301,0,0,0,254,254,811,0.1,-10
2022.06.30 11:17:33:647,214.647,579.863049912587,87.3204058187712,16.094954325752,26.0464242440572,556.525312241134,160.755457988009,2.618351,6.773109,-5.388159,0,0,0,254,254,811,0.1,-10
2022.06.30 11:17:34:195,215.195,576.190284882739,87.0777181805578,16.2679105060872,28.1988423537956,552.401695618715,161.407671319321,2.617422,6.770391,-5.385487,0.008265,-0.016355,-0.025837,254,254,811,0.1,-10
2022.06.30 11:17:34:745,215.745,564.34139023939,87.2082216352277,16.5370752250627,26.3500817447097,540.355742645279,160.631719531491,3.720742,5.968728,-6.149629,0,0,0,254,254,811,0.125892541179417,-9
2022.06.30 11:17:35:291,216.291,559.860742988955,87.0041902895712,16.7153190865143,28.0235972100262,535.471381430863,161.02524400875,3.720693,5.966138,-6.147811,0.002541,-0.005041,-0.007956,254,254,811,0.125892541179417,-9
2022.06.30 11:17:35:841,216.841,555.622217065703,86.797637295923,16.9062765013702,29.6971126758083,530.779059575438,161.578833737411,3.717101,5.966239,-6.144763,0,0,0,254,254,811,0.125892541179417,-9
2022.06.30 11:17:36:388,217.388,548.131400441134,85.8606537681656,16.6563853126395,37.9053075958588,523.762499591929,157.11162855383,1.80573,7.590078,-6.993018,0,0,0,254,254,811,0.251188643150958,-6
2022.06.30 11:17:36:935,217.935,543.691996687767,85.486630493908,16.7959814803036,40.9588784726709,518.88390450654,157.107769319788,1.810874,7.584426,-6.990833,0,0,0,254,254,811,0.251188643150958,-6
2022.06.30 11:17:37:484,218.484,539.312043272254,85.1300753097348,16.9246365004881,43.8013242881571,514.091033193326,157.001062414609,1.809984,7.581738,-6.988291,0,0,0,254,254,811,0.251188643150958,-6
2022.06.30 11:17:38:063,219.063,534.658650668335,84.716343960506,17.0695935897143,47.0660202258293,508.9346749777,156.939985599369,1.812771,7.575099,-6.984306,0,0,0,254,254,811,0.251188643150958,-6
2022.06.30 11:17:38:597,219.597,530.833931093163,85.1514316208788,17.7776945346198,42.7249263773141,503.676878224214,162.076665217988,3.985109,6.393689,-6.527757,0,0,0,254,254,811,0.0794328234724281,-11
2022.06.30 11:17:39:149,220.149,525.494284165813,84.8604283978917,18.0270839314972,44.7640394439775,497.688877328615,162.622891522013,3.98424,6.391727,-6.525493,0,0,0,254,254,811,0.0794328234724281,-11
2022.06.30 11:17:39:697,220.697,521.722655061848,84.6322982525565,18.2137942286696,46.360318639749,493.409493748197,163.071521546692,3.979106,6.392023,-6.523159,0,0,0,254,254,811,0.0794328234724281,-11
2022.06.30 11:17:40:263,221.263,510.111633458775,83.7779128341407,19.8925273585787,51.9883688929774,476.848914215469,173.569009622559,6.084608,9.232055,-6.688331,-0.001545,-0.001576,-0.002851,254,254,811,0.1,-10
2022.06.30 11:17:40:793,221.793,505.050295845964,83.3961540201252,20.3137095053029,54.4703158305325,470.496571514839,175.333288967609,6.083777,9.230453,-6.686632,0,0,0,254,254,811,0.1,-10
2022.06.30 11:17:41:358,222.358,500.03697271112,83.0045583179191,20.7425196915123,56.9522627680877,464.144228813748,177.097568313591,6.082089,9.2271,-6.683168,0,0,0,254,254,811,0.1,-10
2022.06.30 11:17:41:908,222.908,505.072978400932,82.6981122502984,18.7724686464738,60.7785740546246,474.326996782263,162.537929635495,1.281177,6.490268,-6.519316,0,0,0,0,0,811,0.0398107170553497,-14
2022.06.30 11:17:42:457,223.457,501.256704162765,82.3261302320726,18.8828009592656,63.3326585387745,470.032787516702,162.223415356129,1.281008,6.489626,-6.518731,0.000375,-7.3e-05,-0.000322,254,254,811,0.0398107170553497,-14
2022.06.30 11:17:43:005,224.005,497.442776388707,81.9210275572237,19.0073362620742,66.0978680842501,465.652854478496,162.011748746969,1.280447,6.487542,-6.516824,0,0,0,254,254,811,0.0398107170553497,-14
2022.06.30 11:17:43:552,224.552,493.762709100642,81.5224522722493,19.0959551518528,68.7858413597153,461.493820357231,161.535057182424,1.279649,6.484572,-6.514108,0.00012,-2.3e-05,-0.000103,254,254,811,0.0398107170553497,-14
2022.06.30 11:17:44:116,225.116,486.486040876776,81.7726846139944,20.3812135513589,65.258277706389,451.336773615305,169.425918741152,4.217623,6.059097,-6.299483,0,0,0,254,254,811,0.0316227766016838,-15
2022.06.30 11:17:44:666,225.666,482.152917082125,81.5023037106096,20.6637832087047,66.6640155890749,446.18206211182,170.143797788769,4.216805,6.057823,-6.297836,0.048135,-0.034311,-0.041747,254,254,811,0.0316227766016838,-15
2022.06.30 11:17:45:216,226.216,478.013239621346,81.1973325442473,20.9015185534947,68.3375310543914,441.297700897405,170.537322265096,4.21514,6.055748,-6.295029,0,0,0,254,254,811,0.0316227766016838,-15
2022.06.30 11:17:45:767,226.767,474.188380488503,80.0755882619497,20.0611885142261,76.7672373381075,438.752626944057,162.657750542276,1.141179,6.98523,-6.953386,9.3e-05,-0.000227,-0.000361,0,0,811,0.1,-10
2022.06.30 11:17:46:314,227.314,470.292465121543,79.6197398126086,20.1863541580332,79.5324468835832,434.180654547792,162.286018680781,1.141163,6.984443,-6.952734,-8.8e-05,0.000156,0.000309,254,254,811,0.1,-10
2022.06.30 11:17:46:864,227.864,466.279074238807,79.1076497202627,20.2903126333825,82.6426702816999,429.46609416512,161.694891954772,1.140621,6.982224,-6.95076,0,0,0,254,254,811,0.1,-10
2022.06.30 11:17:47:414,228.414,463.009216525035,78.6897369281621,20.3845994827614,85.1195184963049,425.584823174566,161.275417970493,1.14015,6.979392,-6.948305,0,0,0,254,254,811,0.1,-10
2022.06.30 11:17:47:962,228.962,457.488289052168,79.0900595109658,20.8295126615412,80.927798464395,419.859788638292,162.677545900457,2.703247,5.130102,-6.657241,0,0,0,254,254,811,0.158489319246111,-8
2022.06.30 11:17:48:510,229.51,453.406011513184,78.7694581135796,20.9857573132711,82.446841390156,415.225185898773,162.380955214612,2.702597,5.128758,-6.655694,0,0,0,254,254,811,0.158489319246111,-8
2022.06.30 11:17:49:057,230.057,449.896254261842,78.4386485944689,21.1383769701595,84.0997731072323,411.109837020143,162.242317745462,2.699194,5.129812,-6.653373,0,0,0,254,254,811,0.158489319246111,-8
2022.06.30 11:17:49:606,230.606,438.212844181298,78.0976993795853,22.3918330239232,83.5640290859975,396.460838615385,166.932181716897,4.896854,6.033611,-7.204462,0,0,0,254,254,811,0.125892541179417,-9
2022.06.30 11:17:50:156,231.156,433.318358974768,77.7136921186993,22.7307784297977,85.0470032382283,390.509110120314,167.434889965691,4.895114,6.032335,-7.203172,0,0,0,254,254,811,0.125892541179417,-9
2022.06.30 11:17:50:709,231.709,428.685538642225,77.3577500020056,23.0717509949289,86.3188523291333,384.835144755947,167.994815795682,4.893629,6.030433,-7.200441,-0.000272,0.000514,0.000861,254,254,811,0.125892541179417,-9
2022.06.30 11:17:51:256,232.256,424.478413554806,77.0022124470438,23.3568988880776,87.6473539422744,379.709292810883,168.287604635581,4.890402,6.027517,-7.196991,0,0,0,254,254,811,0.125892541179417,-9
2022.06.30 11:17:51:803,232.803,423.383334701208,75.6949396181878,21.8646177743223,97.0864193127234,380.744696378279,157.674194044434,0.979513,6.516532,-7.690563,0,0,0,254,254,811,0.0199526231496888,-17
2022.06.30 11:17:52:353,233.353,419.089944286322,75.1123805972895,21.9747010428731,99.851628858199,375.596605906434,156.822266428731,0.978926,6.514553,-7.688696,0,0,0,254,254,811,0.0199526231496888,-17
2022.06.30 11:17:52:904,233.904,415.378145804528,74.5520104284495,22.0628022987101,102.539602133664,371.05349306859,156.02544436045,0.978088,6.511745,-7.686044,0,0,0,254,254,811,0.0199526231496888,-17
2022.06.30 11:17:53:452,234.452,412.729378673103,75.8184259278092,22.6443292686393,93.3220481264152,369.304512850234,158.904726618901,3.544726,2.734826,-6.525353,0,0,0,254,254,811,0.00794328234724281,-21
2022.06.30 11:17:54:000,235,408.81829744894,75.6299820406204,22.8235444704043,93.517688162451,365.020218042471,158.578317401931,3.544147,2.734403,-6.524495,-1e-05,1.9e-05,3.2e-05,254,254,811,0.00794328234724281,-21
2022.06.30 11:17:54:547,235.547,404.6814931343,75.4299638970323,22.995414469169,93.7133281989525,360.543883876649,158.091842934489,3.542786,2.733417,-6.522482,1.5e-05,-7.2e-05,-3.9e-05,254,254,811,0.00794328234724281,-21
2022.06.30 11:17:55:097,236.097,401.649302773569,75.2612702854904,23.1366824785335,93.9656207567586,357.191781205242,157.818427231163,3.541374,2.732407,-6.520403,0,0,0,254,254,811,0.00794328234724281,-21
2022.06.30 11:17:55:644,236.644,395.544563333309,73.9591440343225,23.0840175136076,100.546566431389,349.7062105439,155.085318029858,2.394057,4.69594,-7.372315,0.00067,-0.000941,-0.000933,254,254,811,0.125892541179417,-9
2022.06.30 11:17:56:209,237.209,390.729432498507,73.4661816104907,23.2780042838474,102.142845626695,344.082551453335,154.413491292857,2.392863,4.694584,-7.370304,0,0,0,254,254,811,0.125892541179417,-9
2022.06.30 11:17:56:757,237.757,387.218017759528,73.0861371560018,23.4203605138593,103.373527221585,339.946610761468,153.909093230963,2.391645,4.692809,-7.367946,-0.002368,0.004357,0.007616,254,254,811,0.125892541179417,-9
2022.06.30 11:17:57:308,238.308,376.932496238937,71.8087845682982,23.8548491188914,107.621710919292,327.502516284876,152.439417103305,2.487931,6.441426,-8.358919,0,0,0,254,254,811,0.251188643150958,-6
2022.06.30 11:17:57:857,238.857,372.427286576778,71.1281753024352,24.0731300835898,109.985254090356,321.756861021142,151.913956091739,2.486981,6.442266,-8.357829,0,0,0,254,254,811,0.251188643150958,-6
2022.06.30 11:17:58:404,239.404,368.227698652278,70.5034723462365,24.2402097405465,112.060435930549,316.509867805526,151.180687706918,2.485713,6.440526,-8.355219,0,0,0,254,254,811,0.251188643150958,-6
2022.06.30 11:17:58:953,239.953,364.01363644564,69.8370504943282,24.4582247759519,114.212854040288,311.041975672961,150.712444276549,2.485806,6.428507,-8.349974,-3.1e-05,-1e-06,3.7e-05,254,254,811,0.251188643150958,-6
2022.06.30 11:17:59:504,240.504,361.421958474736,70.3612420776635,25.8274978815757,109.33620502558,306.395714494825,157.458224547096,5.074215,4.836833,-7.173848,-0.000621,0.00055,0.001792,254,254,811,0.0316227766016838,-15
2022.06.30 11:18:00:054,241.054,357.148513668351,69.928203437105,26.2047289231959,109.974678932974,300.978920447931,157.70960736461,5.072903,4.83558,-7.171709,0,0,0,254,254,811,0.0316227766016838,-15
2022.06.30 11:18:00:604,241.604,352.948299216384,69.4404482204793,26.6050888737217,110.824277901227,295.476402628388,158.063837854192,5.071019,4.833797,-7.168652,-1e-05,0,1.2e-05,254,254,811,0.0316227766016838,-15
2022.06.30 11:18:01:169,242.169,356.21518033049,70.1085193274406,25.4990971296546,109.392857547351,302.334883309053,153.349521518685,2.912851,1.976626,-5.717635,-0.000207,0.000184,0.000598,254,254,811,0.1,-10
2022.06.30 11:18:01:718,242.718,352.87055944628,69.8368144867503,25.651438325027,109.645150105157,298.598701921062,152.755975311622,2.912155,1.976177,-5.716641,0,0,0,254,254,811,0.1,-10
2022.06.30 11:18:02:266,243.266,349.642630392547,69.6271314713955,25.8375875229911,109.552428810322,295.005108519472,152.381823971868,2.910848,1.975338,-5.714777,0.000222,-2.4e-05,-4e-05,254,254,811,0.1,-10
2022.06.30 11:18:02:813,243.813,344.95252633065,70.24102290447,25.1964524509472,105.520468896891,293.754124718871,146.854316505603,2.227133,-0.40307,-5.331419,0,0,0,0,0,811,0.00630957344480193,-22
2022.06.30 11:18:03:363,244.363,341.383359745084,70.2160714792738,25.2537511719154,104.506011086743,290.532285964884,145.64368427638,2.227655,-0.399745,-5.331972,3.9e-05,-5e-06,-6e-06,254,254,811,0.00630957344480193,-22
2022.06.30 11:18:03:925,244.925,338.364785204653,70.1999342058216,25.2977812352948,103.625442067909,287.829701071783,144.591005265713,2.226474,-0.39991,-5.330688,0,0,0,254,254,811,0.00630957344480193,-22
2022.06.30 11:18:04:475,245.475,335.064087698605,70.1432446282312,25.3853353781798,102.822109319086,284.714177904145,143.643285958096,2.224954,-0.400092,-5.329037,0.000392,-0.000501,-0.000754,254,254,811,0.00630957344480193,-22
2022.06.30 11:18:05:039,246.039,332.046227837546,70.1260921047405,25.4313910583327,101.941540300719,282.01159301151,142.590606946498,2.224717,-0.394118,-5.328794,0,0,0,254,254,811,0.00630957344480193,-22
2022.06.30 11:18:05:587,246.587,328.796749107041,70.0960001707843,25.4666453673089,101.060971281885,279.116968760351,141.377862683497,2.222501,-0.394357,-5.326395,0,0,0,254,254,811,0.00630957344480193,-22
2022.06.30 11:18:06:140,247.14,325.730013930772,70.0492121315121,25.570144323942,100.257638533062,276.193484950771,140.590208627284,2.220523,-0.394579,-5.324248,0,0,0,254,254,811,0.00630957344480193,-22
2022.06.30 11:18:06:687,247.687,317.31734774012,66.0587387669194,29.0673719927935,112.548969453882,253.488190659184,154.164736071602,5.493323,6.747663,-7.487739,0,0,0,254,254,811,0.0501187233627272,-13
2022.06.30 11:18:07:234,248.234,313.292795059478,65.2797074534982,29.6170790570726,113.898054814797,247.401287019813,154.829621605575,5.492682,6.746761,-7.48653,4e-06,-1e-06,-1e-06,254,254,811,0.0501187233627272,-13
2022.06.30 11:18:07:797,248.797,309.710616487672,64.4274052374297,30.1581889089869,115.59215402882,241.555874110622,155.595242776908,5.491156,6.744745,-7.483688,0,0,0,254,254,811,0.0501187233627272,-13
2022.06.30 11:18:08:334,249.334,306.304679257993,63.6631477053595,30.6855451615427,116.864003119725,236.073948105248,156.315233858302,5.489467,6.742542,-7.480561,0,0,0,254,254,811,0.0501187233627272,-13
2022.06.30 11:18:08:902,249.902,319.393517057918,64.8323793823324,30.3276920752414,117.239987022946,249.513564869732,161.276114559732,4.700562,3.862709,-4.815609,0,0,0,254,254,811,0.0251188643150958,-16
2022.06.30 11:18:09:438,250.438,316.101972836663,64.3372594541969,30.8441687182573,117.533447077232,244.623437526294,162.06702274736,4.699413,3.861723,-4.813818,0.038172,0.005778,0.009524,254,254,811,0.0251188643150958,-16
2022.06.30 11:18:09:990,250.99,313.385102375535,63.8495791075247,31.3441596827905,117.960795922834,240.252564044204,163.015884153545,4.697861,3.860416,-4.811407,1e-06,1e-06,-2e-06,254,254,811,0.0251188643150958,-16
2022.06.30 11:18:10:539,251.539,307.026140962006,64.588756905122,30.3643401962886,113.676543451597,239.281053178132,155.200748364441,2.800377,0.97519,-3.976445,0,0,0,254,254,811,0.158489319246111,-8
2022.06.30 11:18:11:089,252.089,304.643053762634,64.4098472219254,30.5700671925719,113.295460825426,236.57020054078,154.938920153305,2.800593,0.975962,-3.976342,-0.002101,0.00211,0.002594,254,254,811,0.158489319246111,-8
2022.06.30 11:18:11:641,252.641,302.496700695021,64.2457520737675,30.7880667074276,112.914378199255,234.051387262418,154.837157193571,2.799658,0.97564,-3.975189,-0.002626,0.009906,-0.002673,254,254,811,0.158489319246111,-8
2022.06.30 11:18:12:187,253.187,300.121563870262,64.0228439905699,31.059333666739,112.610531843094,231.119635708586,154.840353938751,2.799092,0.976346,-3.974027,0,0,0,254,254,811,0.158489319246111,-8
2022.06.30 11:18:12:738,253.738,297.759201489498,63.8326454608004,31.2745401551435,112.229449216923,228.4087830717,154.578525726683,2.798722,0.977795,-3.972825,0.010102,0.001516,0.002496,254,254,811,0.158489319246111,-8
2022.06.30 11:18:13:285,254.285,295.633905019367,63.6579017258662,31.5019256542419,111.848366590752,225.889969792872,154.47676276695,2.796951,0.977206,-3.970651,-0.000667,0.000669,0.000823,254,254,811,0.158489319246111,-8
2022.06.30 11:18:13:833,254.833,293.285048662593,63.4600671389967,31.7234134986317,111.46728396458,223.179117155985,154.214934555814,2.79534,0.976654,-3.968665,0,0,0,254,254,811,0.158489319246111,-8
2022.06.30 11:18:14:398,255.398,278.930065452477,62.6085310676347,34.4845971269597,105.776915899641,204.138745459011,157.92592592258,6.111264,1.992069,-5.859426,0,0,0,254,254,811,0.0158489319246111,-18
2022.06.30 11:18:14:947,255.947,275.570577750129,62.2156040356874,35.1033269423701,105.09198691731,199.456338060918,158.467620713636,6.107337,1.990895,-5.856803,0.009387,-0.001625,-0.007922,254,254,811,0.0158489319246111,-18
2022.06.30 11:18:15:498,256.498,272.173369148702,61.8655607640637,35.7212826710486,104.195932873652,194.859654435473,158.906467834488,6.105351,1.990365,-5.854434,0,0,0,254,254,811,0.0158489319246111,-18
2022.06.30 11:18:16:044,257.044,267.466610184826,61.2909392345095,35.5439851649138,104.540946726293,190.876279277625,155.485767935403,4.649172,2.055893,-6.070447,0.000491,-0.000747,-0.001331,0,0,811,0.0251188643150958,-16
2022.06.30 11:18:16:608,257.608,264.069553409556,60.7953615156752,36.087708560486,104.123795326591,186.272182809607,155.543042904697,4.648491,2.055795,-6.070027,0,0,0,254,254,811,0.0251188643150958,-16
2022.06.30 11:18:17:157,258.157,260.990320558905,60.2923409555289,36.5970699053712,103.840532718671,181.995300844414,155.598205840215,4.646454,2.055239,-6.06835,0,0,0,254,254,811,0.0251188643150958,-16
2022.06.30 11:18:17:719,258.719,257.857913309808,59.8333096537572,37.1023870239548,103.346145049425,177.804142651403,155.550521104597,4.644214,2.054396,-6.065781,0,0,0,254,254,811,0.0251188643150958,-16
2022.06.30 11:18:18:269,259.269,254.571050849552,59.2779116258025,37.6802940674165,102.928993649723,173.200046183385,155.607796073891,4.654254,2.053185,-6.060874,0.009559,-0.008429,-0.004428,254,254,811,0.0251188643150958,-16
2022.06.30 11:18:18:816,259.816,251.507059467488,58.7803632812421,38.2075473927179,102.434605980477,169.008887990371,155.560111339204,4.651633,2.052098,-6.057526,0.001639,-0.001459,-0.001012,254,254,811,0.0251188643150958,-16
2022.06.30 11:18:19:364,260.364,248.975317370389,58.3100590941805,38.7001153022251,102.074107102546,165.336983659174,155.67037982028,4.649499,2.051218,-6.054801,0,0,0,254,254,811,0.0251188643150958,-16
2022.06.30 11:18:19:911,260.911,245.578450561938,57.6573746978504,39.3069034525233,101.65695570331,160.540847832632,155.567589538172,4.649488,2.050159,-6.051068,0,0,0,254,254,811,0.0251188643150958,-16
2022.06.30 11:18:20:459,261.459,242.45590703137,57.0069024178969,39.9313073561296,101.239804303609,155.936751364148,155.624864507467,4.647655,2.049107,-6.04739,0,0,0,254,254,811,0.0251188643150958,-16
2022.06.30 11:18:21:010,262.01,239.542528344034,56.4194184657849,40.5021239763019,100.745416634362,151.745593171134,155.577179771848,4.64501,2.048035,-6.04402,0,0,0,254,254,811,0.0251188643150958,-16
2022.06.30 11:18:21:557,262.557,236.928007694431,55.8305822516376,41.0284035719846,100.384917756431,147.881649480947,155.527383003384,4.642882,2.047163,-6.041305,0,0,0,254,254,811,0.0251188643150958,-16
2022.06.30 11:18:22:103,263.103,234.197777994488,55.1210509106541,41.6302697880583,100.101655148511,143.604767515753,155.582545938902,4.640765,2.046323,-6.037957,0,0,0,254,254,811,0.0251188643150958,-16
2022.06.30 11:18:22:672,263.672,231.008795889145,54.3262679214366,42.3570739390834,99.5506149574939,138.673456544911,155.641932941042,4.637489,2.045062,-6.033828,0,0,0,254,254,811,0.0251188643150958,-16
2022.06.30 11:18:23:223,264.223,228.297332373666,53.6161189243296,42.908672681363,99.1901160795628,134.617473496197,155.432070920244,4.635027,2.044069,-6.030695,0,0,0,254,254,811,0.0251188643150958,-16
2022.06.30 11:18:23:773,264.773,225.469539945149,52.7755595283005,43.6004016597078,98.7729646798614,130.013377028179,155.489345889539,4.632239,2.043105,-6.027147,0.006098,-0.011536,-0.016526,254,254,811,0.0251188643150958,-16
2022.06.30 11:18:24:320,265.32,222.827331075914,52.0069324362496,44.2338038340049,98.2785770106151,125.822218835165,155.441661154851,4.629364,2.04213,-6.02357,0,0,0,254,254,811,0.0251188643150958,-16
2022.06.30 11:18:24:869,265.869,220.353381779148,51.1226789159868,44.8837172913611,97.9953144026945,121.545336869509,155.496824089438,4.62668,2.041071,-6.02017,0,0,0,254,254,811,0.0251188643150958,-16
2022.06.30 11:18:25:417,266.417,217.813839993809,50.2793093490423,45.5350336943645,97.5009267334482,117.354178676494,155.449139354751,4.624431,2.040153,-6.017302,0,0,0,254,254,811,0.0251188643150958,-16
2022.06.30 11:18:25:966,266.966,215.221015161144,49.2698113986056,46.2648272148559,97.0837753337468,112.750082208477,155.506414324045,4.621144,2.039294,-6.013387,0,0,0,254,254,811,0.0251188643150958,-16
2022.06.30 11:18:26:517,267.517,212.795597694232,48.3391807347399,46.932879445875,96.5893876645005,108.558924015462,155.458729588427,4.618314,2.038236,-6.00984,0,0,0,254,254,811,0.0251188643150958,-16
2022.06.30 11:18:27:079,268.079,210.556844546188,47.2770324593972,47.6109237210419,96.3061250565799,104.282042050272,155.513892523013,4.615899,2.037268,-6.006771,0,0,0,254,254,811,0.0251188643150958,-16
2022.06.30 11:18:27:632,268.632,208.037655396737,46.1963581740249,48.290596951761,95.811737386868,99.8988444987335,155.306142536923,4.612539,2.036457,-6.002838,0,0,0,254,254,811,0.0251188643150958,-16
2022.06.30 11:18:28:183,269.183,205.925732463744,45.0276755697688,49.0464011361249,95.3945859876322,95.4867873892399,155.523482757621,4.609297,2.035582,-5.998989,-0.001627,0.002591,0.006516,254,254,811,0.0251188643150958,-16
2022.06.30 11:18:28:730,269.73,203.749020419196,43.8909482768276,49.7360444039712,94.9001983183859,91.2956291962255,155.475798022002,4.606617,2.034567,-5.995622,0,0,0,254,254,811,0.0251188643150958,-16
2022.06.30 11:18:29:295,270.295,201.778360358111,42.6045981044599,50.4258720979837,94.6169357099997,87.0187472305697,155.530960956588,4.603569,2.033748,-5.992005,0,0,0,254,254,811,0.0251188643150958,-16
2022.06.30 11:18:29:858,270.858,199.539183688059,41.2756728021715,51.1894279982736,93.9886592494381,82.5003745347312,155.485388255678,4.599827,2.033211,-5.987868,-0.012392,0.020851,0.033182,254,254,811,0.0251188643150958,-16
2022.06.30 11:18:30:406,271.406,197.718181294442,39.8544903439732,51.8761438262678,93.7053966415176,78.2234925695375,155.540551191196,4.596942,2.03222,-5.984308,0,0,0,254,254,811,0.0251188643150958,-16
2022.06.30 11:18:30:955,271.955,196.010171059299,38.541203917973,52.4930046803042,93.3448977635865,74.3595488793508,155.4907544218,4.594448,2.031466,-5.981296,0,0,0,254,254,811,0.0251188643150958,-16
2022.06.30 11:18:31:501,272.501,194.156067720874,36.8934253879232,53.2400086017076,92.9277463638851,69.7554524113293,155.548029391095,4.591005,2.030881,-5.977431,0,0,0,254,254,811,0.0251188643150958,-16
2022.06.30 11:18:32:051,273.051,192.41351216557,35.3486193028961,53.9162632435297,92.4333586946388,65.5642942183185,155.500344655477,4.588098,2.029925,-5.973872,0,0,0,254,254,811,0.0251188643150958,-16
2022.06.30 11:18:32:598,273.598,190.893150133608,33.8465253457133,54.437659043416,92.2067486080229,61.8355256724317,155.288370600902,4.585855,2.029074,-5.971052,0.000196,6.7e-05,-0.000305,254,254,811,0.0251188643150958,-16
2022.06.30 11:18:33:148,274.148,189.323622621905,31.92054087488,55.2238057059021,91.6557084170062,57.096254060576,155.507822856307,4.582892,2.028104,-5.967427,0,0,0,254,254,811,0.0251188643150958,-16
2022.06.30 11:18:33:695,274.695,187.799434813408,29.9404376694097,55.8421734113675,91.3724458090857,52.6273327359268,155.402920539491,4.579967,2.027303,-5.963949,0,-3e-06,2e-06,254,254,811,0.0251188643150958,-16
2022.06.30 11:18:34:241,275.241,186.387053593703,28.0567170018243,56.4608745055816,90.8780581398394,48.4361745433816,155.355235803872,4.577406,2.026323,-5.960724,1e-06,-3e-06,-3e-06,254,254,811,0.0251188643150958,-16
2022.06.30 11:18:34:822,275.822,185.060165294124,26.0828781438157,57.0586188127209,90.3836704705931,44.2450163503672,155.307551069185,4.574829,2.025556,-5.957621,-6.7e-05,-0.000432,0.000525,254,254,811,0.0251188643150958,-16
2022.06.30 11:18:35:371,276.371,184.304462325097,24.1653823305986,57.5462355719241,90.2342966539878,40.4873882465254,155.520667222328,4.571495,2.025511,-5.954213,0,0,0,254,254,811,0.0251188643150958,-16
2022.06.30 11:18:35:907,276.907,183.018309339645,21.6717263728248,58.1240096071711,89.8171452542864,35.6912524199834,155.417876940221,4.568145,2.024543,-5.950197,0,0,0,254,254,811,0.0251188643150958,-16
2022.06.30 11:18:36:454,277.454,181.963478710178,19.4254400297685,58.6333278948072,89.3227575850401,31.5000942269689,155.370192203671,4.56545,2.023829,-5.947008,-1e-05,2e-06,-3e-06,254,254,811,0.0251188643150958,-16
2022.06.30 11:18:37:002,278.002,181.000935399878,17.0892522151904,59.1073710902169,88.8283699157937,27.3089360334889,155.322507468984,4.562732,2.023181,-5.943838,0,0,0,254,254,811,0.0251188643150958,-16
2022.06.30 11:18:37:566,278.566,180.208018938561,14.4028555733829,59.5672831025329,88.4112185160923,22.704839565471,155.379782438278,4.559573,2.022389,-5.940127,5.1e-05,-0.000113,-0.000164,254,254,811,0.0251188643150958,-16
2022.06.30 11:18:38:113,279.113,179.444103053911,11.8917001529677,59.9546564953303,87.916830846846,18.5136813724603,155.33209770266,4.556959,2.021409,-5.936849,0,0,0,254,254,811,0.0251188643150958,-16
2022.06.30 11:18:38:678,279.678,178.962368972603,9.22755775374576,60.2579652696727,87.6335682389254,14.2367994072665,155.387260638177,4.55443,2.02066,-5.933805,0,0,0,254,254,811,0.0251188643150958,-16
